<?xml version="1.0" encoding="UTF-8"?>
<addon id="repository.blackghostaddon" name="Black Repositorio" version="2.0.2" provider-name="blackghostaddon">
        <requires>
            <import addon="xbmc.addon" version="12.0.0"/>
        </requires>
        <extension point="xbmc.addon.repository" name="Black Repositorio Oficial">
            <info compressed="false">https://raw.githubusercontent.com/blackghostaddon/black/master/addons.xml</info>
            <checksum>https://raw.githubusercontent.com/blackghostaddon/black/master/addons.xml.md5</checksum>
            <datadir zip="true">https://raw.githubusercontent.com/blackghostaddon/black/master/</datadir>
        </extension>
        <extension point="xbmc.addon.metadata">
            <summary>Repositorio para AdryanList </summary>
            <description>Repositorio que pertenece a AdryanList.</description>
            <platform>all</platform>
    </extension>
</addon>

