<?xml version="1.0" encoding="UTF-8"?>
    <addon id="repository.blackghost" name="Black Ghost Repositorio" version="1.0" provider-name="blackghost">
        <requires>
            <import addon="xbmc.addon" version="12.0.0"/>
        </requires>
        <extension point="xbmc.addon.repository" name="BlackGhost Repositorio Oficial">
            <info compressed="false">https://raw.githubusercontent.com/blackghostaddon/black/master/addons.xml</info>
            <checksum>https://raw.githubusercontent.com/blackghostaddon/black/master/addons.xml.md5</checksum>
            <datadir zip="true">https://raw.githubusercontent.com/blackghostaddon/black/master/</datadir>
        </extension>
        <extension point="xbmc.addon.metadata">
            <summary>Repositorio Black Ghost</summary>
            <description>Repositorio de BlackGhost</description>
            <platform>all</platform>
    </extension>
</addon>

